Country,Description,TotalQty,Rank
Australia,MINI PAINT SET VINTAGE ,3060,1
Australia,RABBIT NIGHT LIGHT,1884,2
Australia,RED  HARMONICA IN BOX ,1728,3
Australia,RED TOADSTOOL LED NIGHT LIGHT,1668,4
Australia,HOMEMADE JAM SCENTED CANDLES,1368,5
Austria,SET 12 KIDS COLOUR  CHALK STICKS,288,1
Austria,MINI JIGSAW PURDEY,240,2
Austria,PACK OF 6 SWEETIE GIFT BOXES,144,3
Austria,PACK OF 6 PANNETONE GIFT BOXES,144,4
Austria,ASSORTED COLOUR BIRD ORNAMENT,136,5
Bahrain,ICE CREAM SUNDAE LIP GLOSS,96,1
Bahrain,DOUGHNUT LIP GLOSS ,60,2
Bahrain,TOOTHPASTE TUBE PEN,60,3
Bahrain,GOLD TEDDY BEAR,24,4
Bahrain,KIDS RAIN MAC PINK,24,5
Belgium,PACK OF 60 SPACEBOY CAKE CASES,624,1
Belgium,PACK OF 72 RETROSPOT CAKE CASES,600,2
Belgium,PACK OF 60 MUSHROOM CAKE CASES,576,3
Belgium,DOLLY GIRL LUNCH BOX,572,4
Belgium,SPACEBOY LUNCH BOX ,560,5
Brazil,DRAGONS BLOOD INCENSE,25,1
Brazil,DOLLY GIRL LUNCH BOX,25,2
Brazil,SET OF 4 PANTRY JELLY MOULDS,24,3
Brazil,GREEN REGENCY TEACUP AND SAUCER,24,4
Brazil,PINK REGENCY TEACUP AND SAUCER,24,5
Canada,RETRO COFFEE MUGS ASSORTED,504,1
Canada,WORLD WAR 2 GLIDERS ASSTD DESIGNS,288,2
Canada,COLOURING PENCILS BROWN TUBE,60,3
Canada,LUNCH BAG  BLACK SKULL.,50,4
Canada,SCOTTIE DOGS BABY BIB,48,5
Channel Islands,AFGHAN SLIPPER SOCK PAIR,600,1
Channel Islands,RAIN PONCHO ,551,2
Channel Islands,JUMBO BAG RED RETROSPOT,550,3
Channel Islands,JUMBO  BAG BAROQUE BLACK WHITE,420,4
Channel Islands,JUMBO BAG PINK WITH WHITE SPOTS,330,5
Cyprus,HEART DECORATION PAINTED ZINC ,384,1
Cyprus,WHITE HANGING HEART T-LIGHT HOLDER,291,2
Cyprus,GIRLS ALPHABET IRON ON PATCHES ,288,3
Cyprus,BOYS ALPHABET IRON ON PATCHES,288,4
Cyprus,BLUE SCANDINAVIAN PAISLEY WRAP,200,5
Czech Republic,WOODEN TREE CHRISTMAS SCANDINAVIAN,72,1
Czech Republic,WOODEN STAR CHRISTMAS SCANDINAVIAN,72,2
Czech Republic,COLOUR GLASS T-LIGHT HOLDER HANGING,48,3
Czech Republic,CHRISTMAS TABLE SILVER CANDLE SPIKE,48,4
Czech Republic,JIGSAW TREE WITH BIRDHOUSE,36,5
Denmark,BLACK AND WHITE PAISLEY FLOWER MUG,25164,1
Denmark,SET/6 STRAWBERRY PAPER CUPS,12960,2
Denmark,SET/6 WOODLAND PAPER PLATES,12960,3
Denmark,SET/6 WOODLAND PAPER CUPS,12744,4
Denmark,SET/6 STRAWBERRY PAPER PLATES,12480,5
EIRE,60 TEATIME FAIRY CAKE CASES,5388,1
EIRE,ASSORTED INCENSE PACK,4320,2
EIRE,72 SWEETHEART FAIRY CAKE CASES,4032,3
EIRE,PACK OF 72 RETRO SPOT CAKE CASES,3912,4
EIRE,PACK OF 60 PINK PAISLEY CAKE CASES,3732,5
European Community,SET OF 60 PANTRY DESIGN CAKE CASES ,24,1
European Community,ROCKING HORSE RED CHRISTMAS ,24,2
European Community,SET OF 60 VINTAGE LEAF CAKE CASES ,24,3
European Community,WHITE ROCKING HORSE HAND PAINTED,24,4
European Community,ROCKING HORSE GREEN CHRISTMAS ,24,5
Finland,CHILDRENS CUTLERY POLKADOT PINK,480,1
Finland,CHILDRENS CUTLERY POLKADOT BLUE,300,2
Finland,PACK OF 60 PINK PAISLEY CAKE CASES,264,3
Finland,60 TEATIME FAIRY CAKE CASES,240,4
Finland,PACK OF 12 WOODLAND TISSUES ,216,5
France,SET/6 FRUIT SALAD PAPER CUPS,7176,1
France,SET/6 FRUIT SALAD  PAPER PLATES,7044,2
France,POP ART PEN CASE & PENS,5196,3
France,MULTICOLOUR SPRING FLOWER MUG,4992,4
France,BLACK SILVER FLOWER T-LIGHT HOLDER,4752,5
Germany,ROUND SNACK BOXES SET OF4 WOODLAND ,2758,1
Germany,WOODLAND CHARLOTTE BAG,2610,2
Germany,ASSORTED COLOURS SILK FAN,2100,3
Germany,POSTAGE,2090,4
Germany,RED TOADSTOOL LED NIGHT LIGHT,1808,5
Greece,WHITE HANGING HEART T-LIGHT HOLDER,160,1
Greece,HEART IVORY TRELLIS SMALL,120,2
Greece,4 LAVENDER BOTANICAL DINNER CANDLES,96,3
Greece,T-LIGHT HOLDER HANGING LACE,96,4
Greece,ANGEL DECORATION 3 BUTTONS ,96,5
Iceland,ICE CREAM SUNDAE LIP GLOSS,240,1
Iceland,3D DOG PICTURE PLAYING CARDS,156,2
Iceland,MINI PAINT SET VINTAGE ,144,3
Iceland,72 SWEETHEART FAIRY CAKE CASES,96,4
Iceland,60 TEATIME FAIRY CAKE CASES,96,5
Israel,WOODLAND CHARLOTTE BAG,120,1
Israel,RED RETROSPOT CHARLOTTE BAG,110,2
Israel,ROUND SNACK BOXES SET OF4 WOODLAND ,108,3
Israel,BLUE STRIPE CERAMIC DRAWER KNOB,96,4
Israel,ASS FLORAL PRINT MULTI SCREWDRIVER,72,5
Italy,"FEATHER PEN,HOT PINK",432,1
Italy,INFLATABLE POLITICAL GLOBE ,360,2
Italy,"FEATHER PEN,COAL BLACK",264,3
Italy,BIG DOUGHNUT FRIDGE MAGNETS,204,4
Italy,WOODLAND CHARLOTTE BAG,200,5
Japan,RABBIT NIGHT LIGHT,3408,1
Japan,ROUND SNACK BOXES SET OF 4 FRUITS ,2991,2
Japan,PACK OF 12 TRADITIONAL CRAYONS,1489,3
Japan,SET 12 KIDS COLOUR  CHALK STICKS,864,4
Japan,PACK OF 12 COLOURED PENCILS,864,5
Korea,HEART T-LIGHT HOLDER,48,1
Korea,CACTI T-LIGHT CANDLES,48,2
Korea,TROPICAL  HONEYCOMB PAPER GARLAND ,48,3
Korea,MINI PAINT SET VINTAGE ,36,4
Korea,MIRRORED WALL ART SKULLS,24,5
Lebanon,ASSTD FRUIT+FLOWERS FRIDGE MAGNETS,24,1
Lebanon,PARTY BUNTING,15,2
Lebanon,FRIDGE MAGNETS US DINER ASSORTED,12,3
Lebanon,GARLAND WOODEN HAPPY EASTER,12,4
Lebanon,SALLE DE BAIN HOOK,12,5
Lithuania,FELTCRAFT DOLL ROSIE,108,1
Lithuania,GOLD MUG BONE CHINA TREE OF LIFE,108,2
Lithuania,SILVER MUG BONE CHINA TREE OF LIFE,108,3
Lithuania,RED  HARMONICA IN BOX ,96,4
Lithuania,BLUE HARMONICA IN BOX ,96,5
Malta,GRAND CHOCOLATECANDLE,153,1
Malta,VICTORIAN SEWING KIT,144,2
Malta,VINTAGE SNAP CARDS,72,3
Malta,CHRISTMAS PUDDING TRINKET POT ,60,4
Malta,GOLD MUG BONE CHINA TREE OF LIFE,30,5
Netherlands,FOLKART ZINC HEART CHRISTMAS DEC,6697,1
Netherlands,DOLLY GIRL LUNCH BOX,6586,2
Netherlands,SPACEBOY LUNCH BOX ,6460,3
Netherlands,RED TOADSTOOL LED NIGHT LIGHT,6154,4
Netherlands,ROUND SNACK BOXES SET OF4 WOODLAND ,5210,5
Nigeria,WRAP PINK FAIRY CAKES ,25,1
Nigeria,EMPIRE GIFT WRAP,25,2
Nigeria,60 TEATIME FAIRY CAKE CASES,24,3
Nigeria,PACK OF 6 SWEETIE GIFT BOXES,2,4
Nigeria,PACK OF 6 PANNETONE GIFT BOXES,2,5
Norway,SMALL FOLDING SCISSOR(POINTED EDGE),576,1
Norway,GROW A FLYTRAP OR SUNFLOWER IN TIN,504,2
Norway,PINK HEART SHAPE EGG FRYING PAN,446,3
Norway,FENG SHUI PILLAR CANDLE,384,4
Norway,SMALL POPCORN HOLDER,336,5
Poland,STRAWBERRY CERAMIC TRINKET BOX,264,1
Poland,CERAMIC CAKE DESIGN SPOTTED MUG,204,2
Poland,LARGE CHINESE STYLE SCISSOR,120,3
Poland,JAM MAKING SET PRINTED,120,4
Poland,CERAMIC STRAWBERRY DESIGN MUG,108,5
Portugal,JUMBO SHOPPER VINTAGE RED PAISLEY,340,1
Portugal,LUNCH BAG CARS BLUE,335,2
Portugal,60 TEATIME FAIRY CAKE CASES,290,3
Portugal,LUNCH BAG RED RETROSPOT,275,4
Portugal,WRAP ENGLISH ROSE ,250,5
RSA,12 PENCILS SMALL TUBE SKULL,24,1
RSA,WOODEN BOX OF DOMINOES,24,2
RSA,PARTY INVITES WOODLAND,12,3
RSA,FELTCRAFT BUTTERFLY HEARTS,12,4
RSA,SET OF 72 RETRO SPOT PAPER  DOILIES,12,5
Saudi Arabia,PLASTERS IN TIN SKULLS,12,1
Saudi Arabia,PLASTERS IN TIN STRONGMAN,12,2
Saudi Arabia,ASSORTED BOTTLE TOP  MAGNETS ,12,3
Saudi Arabia,PLASTERS IN TIN CIRCUS PARADE ,12,4
Saudi Arabia,HOMEMADE JAM SCENTED CANDLES,12,5
Singapore,CHRISTMAS TREE PAINTED ZINC ,384,1
Singapore,PARTY PIZZA DISH RED RETROSPOT,240,2
Singapore,SMALL POPCORN HOLDER,212,3
Singapore,GIN & TONIC DIET GREETING CARD ,156,4
Singapore,WHITE HANGING HEART T-LIGHT HOLDER,146,5
Spain,FRENCH WC SIGN BLUE METAL,1788,1
Spain,LOVE GARLAND PAINTED ZINC ,1728,2
Spain,ASSORTED COLOUR BIRD ORNAMENT,1009,3
Spain,WOODEN HAPPY BIRTHDAY GARLAND,882,4
Spain,MINI WOODEN HAPPY BIRTHDAY GARLAND,864,5
Sweden,MINI HIGHLIGHTER PENS,5760,1
Sweden,WORLD WAR 2 GLIDERS ASSTD DESIGNS,4368,2
Sweden,MINI PAINT SET VINTAGE ,4248,3
Sweden,60 TEATIME FAIRY CAKE CASES,3024,4
Sweden,PACK OF 60 SPACEBOY CAKE CASES,2496,5
Switzerland,PLASTERS IN TIN WOODLAND ANIMALS,912,1
Switzerland,ROUND SNACK BOXES SET OF4 WOODLAND ,762,2
Switzerland,PLASTERS IN TIN SPACEBOY,672,3
Switzerland,GIRLS ALPHABET IRON ON PATCHES ,576,4
Switzerland,WOODLAND CHARLOTTE BAG,570,5
Thailand,ENVELOPE 50 BLOSSOM IMAGES,288,1
Thailand,ENVELOPE 50 CURIOUS IMAGES,288,2
Thailand,ENVELOPE 50 ROMANTIC IMAGES,288,3
Thailand,BIG DOUGHNUT FRIDGE MAGNETS,240,4
Thailand,ASSORTED CAKES FRIDGE MAGNETS,240,5
USA,TOAST ITS - I LOVE YOU ,408,1
USA,PACK OF 72 RETRO SPOT CAKE CASES,120,2
USA,PACK OF 72 SKULL CAKE CASES,96,3
USA,PACK OF 60 MUSHROOM CAKE CASES,96,4
USA,SET 12 COLOURING PENCILS DOILY,88,5
United Arab Emirates,BOYS ALPHABET IRON ON PATCHES,288,1
United Arab Emirates,GIRLS ALPHABET IRON ON PATCHES ,288,2
United Arab Emirates,BIG DOUGHNUT FRIDGE MAGNETS,192,3
United Arab Emirates,ASSORTED CHEESE FRIDGE MAGNETS,168,4
United Arab Emirates,CHRISTMAS TOILET ROLL,144,5
United Kingdom,WORLD WAR 2 GLIDERS ASSTD DESIGNS,100720,1
United Kingdom,WHITE HANGING HEART T-LIGHT HOLDER,86327,2
United Kingdom,"PAPER CRAFT , LITTLE BIRDIE",80995,3
United Kingdom,MEDIUM CERAMIC TOP STORAGE JAR,76919,4
United Kingdom,ASSORTED COLOUR BIRD ORNAMENT,74256,5
Unspecified,60 TEATIME FAIRY CAKE CASES,144,1
Unspecified,MINI HIGHLIGHTER PENS,120,2
Unspecified,WHITE BAMBOO RIBS LAMPSHADE,84,3
Unspecified,FAIRY CAKE FLANNEL ASSORTED COLOUR,83,4
Unspecified,PACK OF 60 PINK PAISLEY CAKE CASES,72,5
West Indies,BROCADE RING PURSE ,36,1
West Indies,LOVE POTION MASALA INCENSE,25,2
West Indies,ASSORTED LAQUERED INCENSE HOLDERS,24,3
West Indies,BOX OF 9 PEBBLE CANDLES,24,4
West Indies,GROW YOUR OWN PLANT IN A CAN ,24,5
